Avalon,St. John's
Bonavista - Gander - Grand Falls - Windsor,St. John's
Humber - St. Barbe - Baie Verte,St. John's
Labrador,St. John's
Random - Burin - St. George's,St. John's
St. John's East,St. John's
St. John's South - Mount Pearl,St. John's
Cardigan,Charlottetown
Charlottetown,Charlottetown
Egmont,Charlottetown
Malpeque,Charlottetown
Cape Breton - Canso,Halifax
Central Nova,Halifax
Dartmouth - Cole Harbour,Halifax
Halifax,Halifax
Halifax West,Halifax
Kings - Hants,Halifax
Cumberland - Colchester - Musquodoboit Valley,Halifax
Sackville - Eastern Shore,Halifax
South Shore - St. Margaret's,Halifax
Sydney - Victoria,Halifax
West Nova,Halifax
Acadie - Bathurst,Moncton
Beauséjour,Moncton
Fredericton,Fredericton
Fundy Royal,Saint John
Madawaska - Restigouche,Fredericton
Miramichi,Moncton
Moncton - Riverview - Dieppe,Moncton
New Brunswick Southwest,Saint John
Saint John,Saint John
Tobique - Mactaquac,Fredericton
Abitibi - Témiscamingue,Gatineau
Ahuntsic,Montreal
Alfred-Pellan,Laval
Argenteuil - Papineau - Mirabel,Montreal
Beauce,Quebec
Beauharnois - Salaberry,Montreal
Beauport - Limoilou,Quebec
Berthier - Maskinongé,Trois-Rivieres
Bourassa,Montreal
Brome - Missisquoi,Montreal
Brossard - La Prairie,Montreal
Chambly - Borduas,Saint Hubert
Charlesbourg - Haute-Saint-Charles,Quebec
Montmorency - Charlevoix - Haute-Côte-Nord,Quebec
Châteauguay - Saint-Constant,Montreal
Chicoutimi - Le Fjord,Chicoutimi
Compton - Stanstead,Sherbrooke
Drummond,Drummondville
Gaspésie - Îles-de-la-Madeleine,Gaspe
Gatineau,Gatineau
Hochelaga,Montreal
Honoré-Mercier,Montreal
Hull - Aylmer,Gatineau
Jeanne-Le Ber,Montreal
Joliette,Laval
Jonquière - Alma,Quebec
Lac-Saint-Louis,Montreal
La Pointe-de-l'Île,Montreal
LaSalle - Émard,Montreal
Laurentides - Labelle,Gatineau
Laurier - Sainte-Marie,Montreal
Laval,Laval
Laval - Les Îles,Laval
Lévis - Bellechasse,Levis
Longueuil - Pierre-Boucher,Longueuil
Lotbinière - Chutes-de-la-Chaudière,Quebec
Louis-Hébert,Quebec
Louis-Saint-Laurent,Quebec
Manicouagan,Saguenay
Marc-Aurèle-Fortin,Laval
Haute-Gaspésie - La Mitis - Matane - Matapédia,Matane
Mégantic - L'Érable,Thetford Mines
Montcalm,Terrebonne
Mount Royal,Montreal
Notre-Dame-de-Grâce - Lachine,Montreal
Abitibi - Baie-James - Nunavik - Eeyou,Saguenay
Outremont,Montreal
Papineau,Montreal
Pierrefonds - Dollard,Montreal
Pontiac,Gatineau
Portneuf - Jacques-Cartier,Portneuf
Québec,Quebec
Repentigny,Repentigny
Bas-Richelieu - Nicolet - Bécancour,Trois-Rivieres
Richmond - Arthabaska,Sherbrooke
Rimouski-Neigette - Témiscouata - Les Basques,Quebec
Rivière-des-Mille-Îles,Montreal
Montmagny - L'Islet - Kamouraska - Rivière-du-Loup,Quebec
Rivière-du-Nord,Saint Jerome
Roberval - Lac-Saint-Jean,Quebec
Rosemont - La Petite-Patrie,Montreal
Saint-Bruno - Saint-Hubert,Longueuil
Saint-Hyacinthe - Bagot,Saint Hyacinthe
Saint-Jean,Montreal
Saint-Lambert,Longueuil
Saint-Laurent - Cartierville,Montreal
Saint-Léonard - Saint-Michel,Montreal
Saint-Maurice - Champlain,Shawinigan
Shefford,Sherbrooke
Sherbrooke,Sherbrooke
Terrebonne - Blainville,Terrebonne
Trois-Rivières,Trois-Rivieres
Vaudreuil-Soulanges,Vaudreuil Dorion
Verchères - Les Patriotes,Boucherville
Westmount - Ville-Marie,Montreal
Ajax - Pickering,Ajax
Algoma - Manitoulin - Kapuskasing,Sudbury
Ancaster - Dundas - Flamborough - Westdale,Hamilton
Barrie,Barrie
Beaches - East York,Toronto
Bramalea - Gore - Malton,Mississauga
Brampton - Springdale,Brampton
Brampton West,Brampton
Brant,Brantford
Burlington,Burlington
Cambridge,Cambridge
Carleton - Mississippi Mills,Ottawa
Chatham-Kent - Essex,Chatham-Kent
Durham,Clarington
Davenport,Toronto
Don Valley East,Toronto
Don Valley West,Toronto
Dufferin - Caledon,Caledon
Eglinton - Lawrence,Toronto
Elgin - Middlesex - London,London
Essex,Windsor
Etobicoke Centre,Etobicoke
Etobicoke - Lakeshore,Etobicoke
Etobicoke North,Etobicoke
Glengarry - Prescott - Russell,Hawkesbury
Bruce - Grey - Owen Sound,Owen Sound
Guelph,Guelph
Haldimand - Norfolk,Brantford
Haliburton - Kawartha Lakes - Brock,Peterborough
Halton,Oakville
Hamilton Centre,Hamilton
Hamilton East - Stoney Creek,Hamilton
Hamilton Mountain,Hamilton
Huron - Bruce,London
Kenora,Kenora
Kingston and the Islands,Kingston
Kitchener Centre,Kitchener
Kitchener - Conestoga,Kitchener
Kitchener - Waterloo,Waterloo
Lanark - Frontenac - Lennox and Addington,Ottawa
Leeds - Grenville,Brockville
London - Fanshawe,London
London North Centre,London
London West,London
Markham - Unionville,Markham
Lambton - Kent - Middlesex,Chatham-Kent
Mississauga - Brampton South,Mississauga
Mississauga East - Cooksville,Mississauga
Mississauga - Erindale,Mississauga
Mississauga South,Mississauga
Mississauga - Streetsville,Mississauga
Nepean - Carleton,Ottawa
Newmarket - Aurora,Ottawa
Niagara Falls,Niagara Falls
Niagara West - Glanbrook,Niagara Falls
Nickel Belt,Sudbury
Nipissing - Timiskaming,North Bay
Northumberland - Quinte West,Kingston
Oak Ridges - Markham,Markham
Oakville,Oakville
Oshawa,Oshawa
Ottawa Centre,Ottawa
Ottawa - Orléans,Ottawa
Ottawa South,Ottawa
Ottawa - Vanier,Ottawa
Ottawa West - Nepean,Ottawa
Oxford,London
Parkdale - High Park,Toronto
Parry Sound - Muskoka,Barrie
Perth - Wellington,Kitchener
Peterborough,Peterborough
Pickering - Scarborough East,Scarborough
Prince Edward - Hastings,Belleville
Renfrew - Nipissing - Pembroke,Pembroke
Richmond Hill,Richmond Hill
St. Catharines,St. Catharines
St. Paul's,Toronto
Sarnia - Lambton,Sarnia
Sault Ste. Marie,Sault Ste. Marie
Scarborough - Agincourt,Scarborough
Scarborough Centre,Scarborough
Scarborough - Guildwood,Scarborough
Scarborough - Rouge River,Scarborough
Scarborough Southwest,Scarborough
Simcoe - Grey,Barrie
Simcoe North,Barrie
Stormont - Dundas - South Glengarry,Cornwall
Sudbury,Sudbury
Thornhill,Thornhill
Thunder Bay - Rainy River,Thunder Bay
Thunder Bay - Superior North,Thunder Bay
Timmins - James Bay,Timmins
Toronto Centre,Toronto
Toronto - Danforth,Toronto
Trinity - Spadina,Toronto
Vaughan,Vaughan
Welland,Niagara Falls
Wellington - Halton Hills,Guelph
Whitby - Oshawa,Oshawa
Willowdale,Toronto
Windsor - Tecumseh,Windsor
Windsor West,Windsor
York Centre,Toronto
York - Simcoe,Toronto
York South - Weston,Toronto
York West,Toronto
Brandon - Souris,Brandon
Charleswood - St. James - Assiniboia,Winnipeg
Churchill,Churchill
Dauphin - Swan River - Marquette,Brandon
Elmwood - Transcona,Winnipeg
Kildonan - St. Paul,Winnipeg
Portage - Lisgar,Winnipeg
Provencher,Winnipeg
Saint Boniface,Winnipeg
Selkirk - Interlake,Winnipeg
Winnipeg Centre,Winnipeg
Winnipeg North,Winnipeg
Winnipeg South,Winnipeg
Winnipeg South Centre,Winnipeg
Battlefords - Lloydminster,Lloydminster
Blackstrap,Saskatoon
Desnethé - Missinippi - Churchill River,Prince Albert
Cypress Hills - Grasslands,Swift Current
Palliser,Moose Jaw
Prince Albert,Prince Albert
Regina - Lumsden - Lake Centre,Regina
Regina - Qu'Appelle,Regina
Saskatoon - Humboldt,Saskatoon
Saskatoon - Rosetown - Biggar,Saskatoon
Saskatoon - Wanuskewin,Saskatoon
Souris - Moose Mountain,Estevan
Wascana,Moose Jaw
Yorkton - Melville,Yorkton
Fort McMurray - Athabasca,Fort McMurray
Calgary East,Calgary
Calgary Centre-North,Calgary
Calgary Northeast,Calgary
Calgary - Nose Hill,Calgary
Calgary Centre,Calgary
Calgary Southeast,Calgary
Calgary Southwest,Calgary
Calgary West,Calgary
Crowfoot,Drumheller
Edmonton - Mill Woods - Beaumont,Edmonton
Edmonton Centre,Edmonton
Edmonton East,Edmonton
Edmonton - Leduc,Edmonton
Edmonton - St. Albert,Edmonton
Edmonton - Sherwood Park,Edmonton
Edmonton - Spruce Grove,Edmonton
Edmonton - Strathcona,Edmonton
Lethbridge,Lethbridge
Macleod,Okotoks
Medicine Hat,Medicine Hat
Peace River,Grande Prairie
Red Deer,Red Deer
Vegreville - Wainwright,Lloydminster
Westlock - St. Paul,Lloydminster
Wetaskiwin,Edmonton
Wild Rose,Banff
Yellowhead,Edmonton
Abbotsford,Abbotsford
Burnaby - Douglas,Burnaby
Burnaby - New Westminster,Burnaby
Cariboo - Prince George,Prince George
Chilliwack - Fraser Canyon,Chilliwack
Delta - Richmond East,Delta
Pitt Meadows - Maple Ridge - Mission,Maple Ridge
Esquimalt - Juan de Fuca,Victoria
Fleetwood - Port Kells,Surrey
Kamloops - Thompson - Cariboo,Kamloops
Kelowna - Lake Country,Kelowna
Kootenay - Columbia,Kootenay
Langley,Langley
Nanaimo - Alberni,Nanaimo
Nanaimo - Cowichan,Nanaimo
Newton - North Delta,North Delta
New Westminster - Coquitlam,Coquitlam
Okanagan - Shuswap,Vernon
North Vancouver,North Vancouver
Okanagan - Coquihalla,Vernon
Port Moody - Westwood - Port Coquitlam,Port Coquitlam
Prince George - Peace River,Coquitlam
Richmond,Richmond
Saanich - Gulf Islands,Saanich
Skeena - Bulkley Valley,Prince Rupert
British Columbia Southern Interior,Cranbrook
South Surrey - White Rock - Cloverdale,Surrey
Surrey North,Surrey
Vancouver Centre,Vancouver
Vancouver East,Vancouver
Vancouver Island North,Vancouver
Vancouver Kingsway,Vancouver
Vancouver Quadra,Vancouver
Vancouver South,Vancouver
Victoria,Victoria
West Vancouver - Sunshine Coast - Sea to Sky Country,West Vancouver
Yukon,Whitehorse
Western Arctic,Yellowknife
Nunavut,Iqaluit
